phase,start_day,end_day,avg_rvr,median_rvr,avg_raw_rvr,avg_expected_return,avg_variance,event_count
pre_event,-30,-1,2.2369611814956407,2.880000000000002,2.2369611814956407,6.015914097681569e-6,1.067603574615273e-6,5008171
post_event_rising,0,10,98.39202700107566,101.592,98.39202700107566,0.00010492359599317332,1.1007934600027504e-6,1900182
late_post_event,11,30,3.141467890284992,2.9800000000000004,3.141467890284992,6.763136051500544e-6,1.066631666022076e-6,3389453
