phase,mean_rtv,median_rtv,std_rtv,count
Pre-Event,1.6696642060922218,0.6543713886907997,11.742527121987958,246323
Post-Event Rising,21.34368212727117,0.5407061854181862,170.18021813522287,563
Post-Event Decay,1.9649258942260972,0.7206672033448477,20.494665557448226,245312
