phase,mean_rtv,median_rtv,std_rtv,count
Pre-Event,1.6376447888307333,0.5610114926966099,11.512822319690873,246323
Post-Event Rising,1.2205788664292831,0.2883811937789835,72.68660083814129,242230
Post-Event Decay,2.348739847021029,0.7112206073650675,24.778533187791137,245000
