model_type,prediction_window,slope,r_squared,p_value,n_samples,significant,significance
garch,1,0.0,0.0,1.0,95,false,""
garch,3,0.0,0.0,1.0,95,false,""
garch,5,0.0,0.0,1.0,95,false,""
gjr,1,-0.42684768658658334,0.000010244105807570771,0.9754425280970549,95,false,""
gjr,3,-48.533444531334474,0.29088632006715187,1.707802890352565e-8,95,true,***
gjr,5,2.0996506033266495,0.0010865409951893177,0.7511572071541419,95,false,""
