model_type,slope,r_squared,p_value,n_samples,significant,direction_correct,hypothesis_supported
garch,0.0016476411315453554,0.0019120695010793446,0.3462662285073017,466,0,1,0
gjr,-0.0025141309089613557,0.004532672022724036,0.14675392321701713,466,1,0,0
