model_type,slope,r_squared,p_value,n_samples,significant,direction_correct,hypothesis_supported
garch,0.0005484135687114925,0.0013952557292085902,0.7178630259841134,96,0,1,0
gjr,-0.0001158382976627503,0.00005868518162238744,0.9409496417840946,96,0,0,0
