phase,start_day,end_day,avg_sharpe,median_sharpe
pre_event,-30,-1,0.21883038638095548,0.1955125321676166
event_day,0,0,0.3679839527539876,0.3679839527539876
post_event_rising,1,5,0.7669559813911181,0.7642206603116425
post_event_decay,6,30,0.09017288439415769,0.09562072259273986
