phase,start_day,end_day,avg_rvr,median_rvr,avg_volatility,avg_expected_return,avg_event_count
pre_event,-30,-1,15.163351483174285,3.243472145437349,0.016969540432401273,0.0014218577732715806,917.0
event_day,0,0,50.429465162481065,27.29482925161232,0.02634073485437771,0.010773533839222962,917.0
post_event_rising,1,5,102.33495492928867,68.02146577991617,0.027651848917797685,0.011402699852986396,917.0
post_event_decay,6,30,11.59294335606679,2.2885969352138686,0.023815639381026904,0.001456026384792371,917.0
