phase,start_day,end_day,avg_volatility,median_volatility,avg_event_count
pre_event,-30,-1,0.023088988167396837,0.015377936431367556,917.0
event_window,0,0,0.031596735447344836,0.02104434311392298,917.0
post_event_rising,1,5,0.033491273127606816,0.02230616021056988,917.0
post_event_decay,6,30,0.028418390785122635,0.018927473296230145,917.0
