specification,controls,firm_fe,time_fe,coef_rising,t_stat,p_value,n_obs
Basic,None,No,No,32.73983149053926,10.109672981903355,3.396722251141833e-20,23124
Size Control,Size Quintile,No,Yes,32.75566559606821,10.061785141213198,4.775740788944646e-20,23124
Full,Size + Industry + Liquidity,Yes,Yes,32.54711787042249,9.845018393083059,2.215536749668198e-19,22938
