phase,start_day,end_day,avg_rvr,median_rvr,avg_volatility,avg_expected_return,avg_event_count
pre_event,-30,-1,13.873393490801373,2.7163158292178435,0.016969540432401276,0.0012266952904020087,917.0
event_day,0,0,0.3271061142938154,1.2154418639813005,0.02634073485437772,0.0012266952904020087,917.0
post_event_rising,1,5,8.637010683325226,1.0825292515382157,0.02765184891779767,0.0012266952904020087,917.0
post_event_decay,6,30,10.741592554754604,1.9630595426474196,0.02381563938102692,0.0012266952904020087,917.0
