phase,start_day,end_day,avg_rvr,median_rvr,avg_volatility,avg_expected_return,avg_event_count
pre_event,-15,-1,25.67705491303552,4.4130104791931215,0.018601365322575312,0.0024471028512143304,895.0
event_day,0,0,53.28779160013979,28.49474651606281,0.026933061484346186,0.012018994181965044,895.0
post_event_rising,1,5,113.20425057049495,63.31517002715002,0.028004269620755334,0.012393081368817662,895.0
post_event_decay,6,15,13.520641956202246,1.9827496558250701,0.03219093882410254,0.00262610228427339,895.0
