phase,start_day,end_day,avg_volatility,median_volatility,avg_event_count
pre_event,-15,-1,0.0186013653225753,0.011397368216521512,895.0
event_window,0,0,0.02693306148434622,0.01916164329491881,895.0
post_event_rising,1,5,0.028004269620755407,0.013274599649528412,895.0
post_event_decay,6,15,0.03219093882410254,0.017326137424609124,895.0
