phase,start_day,end_day,avg_rvr,median_rvr,avg_volatility,avg_expected_return,avg_event_count
pre_event,-15,-1,24.82761249751564,5.041469361608012,0.01773964667471599,0.0022876865677393704,1064.0
event_day,0,0,56.905322547609245,31.617617994930598,0.025533125523438213,0.011859577898490065,1064.0
post_event_rising,1,5,113.64310037148832,66.75645982190414,0.026466104132869362,0.012233665085342692,1064.0
post_event_decay,6,15,13.145763390972231,2.272134732112524,0.030323630263154377,0.0024666860007984286,1064.0
