phase,start_day,end_day,avg_rvr,median_rvr,avg_volatility,avg_expected_return,avg_event_count
pre_event,-30,-1,22.4678445092711,6.286429141673009,0.014581222527840183,0.00154451723454933,895.0
event_day,0,0,50.60546602934665,28.070623001131587,0.026535257211740163,0.010896193300500722,895.0
post_event_rising,1,5,102.70248434935775,66.85473762446172,0.028404714204995456,0.011525359314264138,895.0
post_event_decay,6,30,13.85896532822464,2.4299209107894906,0.02462379036841839,0.0015786858460701207,895.0
