phase,start_day,end_day,avg_rvr,median_rvr,avg_volatility,avg_expected_return,avg_event_count
pre_event,-15,-1,25.67705491303553,4.4130104791931215,0.018601365322575315,0.002447102851214332,895.0
event_day,0,0,53.28779160013969,28.49474651606281,0.026933061484346234,0.012018994181965033,895.0
post_event_rising,1,5,113.20425057049496,63.31517002715002,0.02800426962075535,0.012393081368817654,895.0
post_event_decay,6,15,13.52064195620225,1.9827496558250701,0.032190938824102545,0.0026261022842733895,895.0
