phase,start_day,end_day,avg_volatility,median_volatility,avg_event_count
pre_event,-30,-1,0.016969540432401297,0.010743893691894435,917.0
event_window,0,0,0.02634073485437772,0.01884409765280434,917.0
post_event_rising,1,5,0.027651848917797782,0.013358346294899575,917.0
post_event_decay,6,30,0.023815639381026918,0.01353401182542958,917.0
