test,t_stat,p_value,mean_diff,ci_95_lower,ci_95_upper
Welch t-test: Pre vs Rising,36.157678259250055,1.6825899879383622e-254,32.73983149053932,30.96530266435876,34.51436031671989
Welch t-test: Rising vs Decay,-40.239265202227344,4.3243024693470193e-302,-35.345970728381026,-37.06742281030433,-33.62451864645772
Bootstrap CI: Pre vs Rising,,,32.93232770016227,30.144577938154768,35.90631207633787
Mann-Whitney U: Pre vs Rising,35952738.0,0.0,17.711014438255663,,
