phase,start_day,end_day,avg_volatility,median_volatility,avg_event_count
pre_event,-15,-1,0.017739646674715993,0.011041304802842402,1064.0
event_window,0,0,0.025533125523438213,0.0182049592013138,1064.0
post_event_rising,1,5,0.026466104132869362,0.013065206342197589,1064.0
post_event_decay,6,15,0.030323630263154377,0.01672247625987803,1064.0
