phase,start_day,end_day,avg_rvr,median_rvr,avg_volatility,avg_expected_return,avg_event_count
pre_event,-30,-1,22.467844509271096,6.286429141673009,0.014581222527840183,0.0015445172345493299,895.0
event_day,0,0,50.60546602934665,28.070623001131587,0.02653525721174018,0.010896193300500739,895.0
post_event_rising,1,5,102.7024843493577,66.85473762446172,0.028404714204995445,0.011525359314264138,895.0
post_event_decay,6,30,13.858965328224638,2.4299209107894906,0.02462379036841839,0.0015786858460701202,895.0
