phase,start_day,end_day,avg_rvr,median_rvr,avg_volatility,avg_expected_return,avg_event_count
pre_event,-15,-1,25.677054913035537,4.4130104791931215,0.018601365322575312,0.002447102851214334,895.0
event_day,0,0,53.28779160013972,28.49474651606281,0.026933061484346217,0.012018994181965028,895.0
post_event_rising,1,5,113.20425057049492,63.31517002715002,0.02800426962075535,0.01239308136881766,895.0
post_event_decay,6,15,13.52064195620225,1.9827496558250701,0.03219093882410255,0.002626102284273393,895.0
