phase,start_day,end_day,avg_rvr,median_rvr,avg_volatility,avg_expected_return,avg_event_count
pre_event,-30,-1,15.163351483174287,3.243472145437349,0.01696954043240128,0.0014218577732715814,917.0
event_day,0,0,50.42946516248102,27.29482925161232,0.026340734854377722,0.010773533839222957,917.0
post_event_rising,1,5,102.33495492928867,68.02146577991617,0.027651848917797657,0.011402699852986389,917.0
post_event_decay,6,30,11.592943356066794,2.2885969352138686,0.02381563938102693,0.001456026384792372,917.0
