phase,start_day,end_day,avg_rvr,median_rvr,avg_volatility,avg_expected_return,avg_event_count
pre_event,-15,-1,25.677054913035523,4.4130104791931215,0.018601365322575305,0.0024471028512143334,895.0
event_day,0,0,53.28779160013971,28.49474651606281,0.02693306148434619,0.01201899418196502,895.0
post_event_rising,1,5,113.20425057049492,63.31517002715002,0.028004269620755362,0.012393081368817655,895.0
post_event_decay,6,15,13.52064195620225,1.9827496558250701,0.03219093882410255,0.0026261022842733912,895.0
