phase,start_day,end_day,avg_rvr,median_rvr,avg_volatility,avg_expected_return,avg_event_count
pre_event,-15,-1,25.677054913035523,4.4130104791931215,0.01860136532257532,0.002447102851214331,895.0
event_day,0,0,53.28779160013976,28.49474651606281,0.026933061484346203,0.01201899418196505,895.0
post_event_rising,1,5,113.20425057049495,63.31517002715002,0.028004269620755362,0.012393081368817649,895.0
post_event_decay,6,15,13.520641956202246,1.9827496558250701,0.03219093882410255,0.0026261022842733904,895.0
