phase,start_day,end_day,avg_rvr,median_rvr,avg_volatility,avg_expected_return,avg_event_count
pre_event,-30,-1,161.034830025654,96.29372825200349,0.01688149086256173,0.010147330211036941,917.0
event_day,0,0,32.92124649416532,17.726684387700324,0.031520940482637254,0.01014733021103694,917.0
post_event_rising,1,5,200.1379155369297,149.33497131594282,0.02720732934187738,0.022446127764112485,917.0
post_event_decay,6,30,118.48199752200071,72.60378604985695,0.023598481175677987,0.01064733021103692,917.0
