phase,start_day,end_day,avg_rvr,median_rvr,avg_volatility,avg_expected_return,avg_event_count
pre_event,-15,-1,25.67705491303552,4.4130104791931215,0.01860136532257532,0.0024471028512143334,895.0
event_day,0,0,53.28779160013975,28.49474651606281,0.026933061484346217,0.012018994181965044,895.0
post_event_rising,1,5,113.20425057049499,63.31517002715002,0.02800426962075534,0.012393081368817652,895.0
post_event_decay,6,15,13.520641956202255,1.9827496558250701,0.03219093882410255,0.002626102284273392,895.0
