phase,start_day,end_day,avg_rvr,median_rvr,avg_volatility,avg_expected_return,avg_event_count
pre_event,-30,-1,13.875924067229684,2.7421175135980698,0.016877895031803845,0.0012266952904020092,917.0
event_day,0,0,0.06603439199347329,0.8487733499982509,0.03152187325855391,0.0012266952904020094,917.0
post_event_rising,1,5,148.23649676964627,67.328879315977,0.027215844426232094,0.011226695290402022,917.0
post_event_decay,6,30,10.619983710714653,1.9861473079089396,0.023606574066301542,0.0012266952904020094,917.0
