,FDA_Pre,FDA_Event,FDA_Post,Earnings_Pre,Earnings_Event,Earnings_Post
mean,0.5315691923780577,0.8187381043641921,-0.06002229695955961,0.20388524055610144,0.18910462795385052,0.24232757514933911
median,0.5076916061175402,0.8737033938892861,-0.0734794765967859,0.1874842764227454,0.1758858339638201,0.2728338699933058
std,0.16337953027134175,0.32089112417402427,0.19133564977561998,0.0675769513188859,0.18147456190041764,0.06772418312012854
min,0.3175120977142511,0.2852950058062249,-0.4626889139120919,0.1003121879205891,-0.0958830838125092,0.0918492032138386
max,0.9533810634061848,1.254739609219984,0.2469196082614228,0.324347816103707,0.4293743783627043,0.3232151892990124
