model_type,slope,r_squared,p_value,n_samples,significant,direction_correct,hypothesis_supported
garch,0.02026292967029966,0.5038089377180631,5.678572310885991e-16,96,1,1,1
gjr,0.02041552523793918,0.3992724102408977,5.068376919653193e-12,96,1,1,1
