model_type,slope,r_squared,p_value,n_samples,significant,direction_correct,hypothesis_supported
garch,0.009026300300899369,0.04360221447455969,4.0456157667434456e-6,479,1,1,1
gjr,0.004895333568249697,0.011583777340885944,0.01846066919377665,479,1,1,1
