model_type,prediction_window,slope,r_squared,p_value,n_samples,significant,significance
garch,1,0.0,0.0,1.0,96,false,""
garch,3,0.0,0.0,1.0,95,false,""
garch,5,0.0,0.0,1.0,95,false,""
gjr,1,539.6013338973675,0.24098138036242045,3.8180271267513823e-7,96,true,***
gjr,3,-77.31400352436768,0.07383125869690117,0.007729968248127481,95,true,***
gjr,5,-139.7760878038946,0.15768239633603998,0.00006769223225384787,95,true,***
