phase,start_day,end_day,avg_rvr,median_rvr,avg_volatility,avg_expected_return,avg_event_count
pre_event,-30,-1,34.10506297859731,1.4011645078370625,0.02147633200777928,0.0006105642005034497,245981.0
event_day,0,0,13.66610585739653,0.4603044818645406,0.03958397852944802,0.0006105642005034497,245981.0
post_event_rising,1,5,115.71102632288436,36.13616323104306,0.03355091012324594,0.010610564200503497,245981.0
post_event_decay,6,30,24.162022596214953,0.9584095658968692,0.02957701878645103,0.0006105642005034497,245981.0
