phase,start_day,end_day,avg_volatility,median_volatility,avg_event_count
pre_event,-15,-1,0.02285136445043088,0.01428238781942835,242686.0
event_window,0,0,0.033291700501712485,0.025370218807028843,242686.0
post_event_rising,1,5,0.03370501428845875,0.01844583344258156,242686.0
post_event_decay,6,15,0.03891464614478147,0.027258260077602216,242686.0
