phase,start_day,end_day,avg_volatility,median_volatility,avg_event_count
pre_event,-30,-1,0.021579780751571697,0.013342330336438633,245981.0
event_window,0,0,0.03308928255080653,0.025302939668719118,245981.0
post_event_rising,1,5,0.034096307328485786,0.018235131135296546,245981.0
post_event_decay,6,30,0.029877281442433543,0.019870885943953594,245981.0
