phase,start_day,end_day,avg_rvr,median_rvr,avg_volatility,avg_expected_return,avg_event_count
pre_event,-15,-1,8.877714759989244,1.7315994444108997,0.021930152035561385,0.0009553909522650429,282308.0
event_day,0,0,40.65178337205805,16.99345770589961,0.031838386572591644,0.010527282283015738,282308.0
post_event_rising,1,5,85.61378237316254,32.62082017184136,0.03256456528829308,0.010901369469868366,282308.0
post_event_decay,6,15,4.923011277515274,0.8153363111392403,0.03751936834018979,0.001134390385324102,282308.0
