phase,start_day,end_day,avg_rvr,median_rvr,avg_volatility,avg_expected_return,avg_event_count
pre_event,-30,-1,11.53312643995455,1.6833973313262451,0.021579780751573175,0.0008057266833730463,245981.0
event_day,0,0,40.35644985996635,15.273845166442372,0.03308928255080315,0.010157402749324484,245981.0
post_event_rising,1,5,83.15743779079153,37.63879120325556,0.03409630732850964,0.010786568763087844,245981.0
post_event_decay,6,30,7.906130072740659,1.0766558378092779,0.02987728144243147,0.0008398952948938409,245981.0
