phase,start_day,end_day,avg_volatility,median_volatility,avg_event_count
pre_event,-15,-1,0.021930152035561385,0.013711724978430281,282308.0
event_window,0,0,0.03183838657259165,0.024130608870699788,282308.0
post_event_rising,1,5,0.03256456528829308,0.0177439014464757,282308.0
post_event_decay,6,15,0.03751936834018979,0.02612814375325745,282308.0
