phase,mean_rtv,median_rtv,std_rtv,count
Pre-Event,3.190834485507547,1.712870250342444,11.726270473114344,911
Post-Event Rising,3.1169423190528285,2.0786150750197896,63.68093949790877,887
Post-Event Decay,2.1566722034051318,0.9404691011743538,12.382660872128078,910
