phase,mean_rtv,median_rtv,std_rtv,count
Pre-Event,3.2342259051384445,1.7575763327641016,11.836766135368903,911
Post-Event Rising,,,,
Post-Event Decay,2.1323585608782896,0.7707502221955198,11.75931731359691,911
